ponto_id,richness,shannon
P01F,18,2.890371758
P02F,9,2.197224577
P03F,10,2.302585093
P04F,9,2.197224577
P05F,11,2.397895273
P06F,10,2.302585093
P07F,13,2.564949357
P08F,11,2.397895273
P09F,6,1.791759469
P10F,7,1.945910149
P11F,7,1.945910149
P12F,8,2.079441542
P13F,10,2.302585093
P14F,12,2.48490665
P15F,13,2.564949357
P16F,9,2.197224577
P17F,10,2.302585093
P18F,12,2.48490665
P19F,10,2.302585093
P20F,6,1.791759469
P21F,10,2.302585093
